id,rut,nombre,email,sexo,edad,estado_civil,tiene_hijos,profesion,ingreso_mensual_clp,segmento,es_cliente,antiguedad_cuenta_meses,conocimiento_inversiones,acepta_comunicaciones,oferta_credito_clp,tasa_credito_pct,oferta_tc_limite_clp
1,99.001.000-K,CarlosMango Demo,carlos.mango1@demo-financiero.cl,F,30,casado,False,Consultor,3316908,masivo,True,65.0,bajo,True,14116935,1.93,1408873
2,99.002.000-K,AnaKiwi Prueba,ana.kiwi2@demo-financiero.cl,M,27,divorciado,True,Psicólogo,7066886,premium,True,76.0,medio,True,20423498,1.17,4661614
3,99.003.000-K,PedroLimón Ficticio,pedro.limon3@demo-financiero.cl,M,33,divorciado,True,Médico,7015020,premium,True,44.0,alto,True,20772630,0.98,3047546
4,99.004.000-K,MaríaPera Ejemplo,maria.pera4@demo-financiero.cl,M,66,casado,True,Profesor,1330991,masivo,False,,medio,True,8850128,1.59,997925
5,99.005.000-K,JorgeUva Falso,jorge.uva5@demo-financiero.cl,F,45,soltero,True,Farmacéutico,1607320,masivo,True,51.0,bajo,True,8700989,1.77,2055988
6,99.006.000-K,ClaudiaFresa Test,claudia.fresa6@demo-financiero.cl,F,41,soltero,False,Enfermero,2308744,masivo,False,,bajo,True,14608182,2.17,2336332
7,99.007.000-K,DiegoMelón Simulado,diego.melon7@demo-financiero.cl,F,38,casado,False,Diseñador,498683,emergente,True,22.0,medio,False,1597428,3.07,330714
8,99.008.000-K,ValentinaSandía Muestra,valentina.sandia8@demo-financiero.cl,M,64,casado,False,Diseñador,481160,emergente,True,22.0,bajo,True,535577,2.86,206167
9,99.009.000-K,FelipePapaya Demo,felipe.papaya9@demo-financiero.cl,F,55,casado,False,Enfermero,339621,emergente,False,,bajo,True,422289,2.75,293581
10,99.010.000-K,SofíaCiruela Prueba,sofia.ciruela10@demo-financiero.cl,F,38,casado,True,Profesor,503959,emergente,True,14.0,bajo,False,1799555,2.44,231159
11,99.011.000-K,CarlosDurazno Ficticio,carlos.durazno11@demo-financiero.cl,F,52,casado,True,Periodista,2083056,masivo,True,66.0,bajo,True,12992136,2.01,2889150
12,99.012.000-K,AnaHigo Ejemplo,ana.higo12@demo-financiero.cl,M,25,soltero,True,Periodista,7004066,premium,True,82.0,alto,True,22862966,1.18,5288424
13,99.013.000-K,PedroGuayaba Falso,pedro.guayaba13@demo-financiero.cl,F,68,soltero,True,Profesor,6681338,premium,True,66.0,medio,True,30539494,1.26,4351478
14,99.014.000-K,MaríaMaracuyá Test,maria.maracuya14@demo-financiero.cl,F,55,casado,True,Arquitecto,1687146,masivo,True,75.0,bajo,True,12107520,2.11,836294
15,99.015.000-K,JorgeLichi Simulado,jorge.lichi15@demo-financiero.cl,F,47,soltero,True,Profesor,455048,emergente,False,,bajo,False,1332728,2.76,137906
16,99.016.000-K,ClaudiaFrambuesa Muestra,claudia.frambuesa16@demo-financiero.cl,F,61,soltero,True,Ingeniero,519729,emergente,False,,bajo,True,1924754,2.5,374789
17,99.017.000-K,DiegoArándano Demo,diego.arandano17@demo-financiero.cl,M,34,soltero,True,Técnico,525773,emergente,True,5.0,bajo,True,1649666,2.26,307526
18,99.018.000-K,ValentinaCoco Prueba,valentina.coco18@demo-financiero.cl,M,61,soltero,True,Arquitecto,1121346,masivo,False,,bajo,True,5383563,2.13,1228039
19,99.019.000-K,FelipePiña Ficticio,felipe.pina19@demo-financiero.cl,M,56,soltero,True,Farmacéutico,3054692,masivo,True,12.0,bajo,True,7436418,2.04,1901690
20,99.020.000-K,SofíaMenta Ejemplo,sofia.menta20@demo-financiero.cl,F,33,soltero,False,Ingeniero,1178470,masivo,False,,bajo,True,8530333,1.6,1779513
21,99.021.000-K,CarlosMango Falso,carlos.mango21@demo-financiero.cl,M,42,divorciado,True,Periodista,5277359,premium,True,80.0,medio,True,32174459,1.35,3591049
22,99.022.000-K,AnaKiwi Test,ana.kiwi22@demo-financiero.cl,F,38,soltero,False,Contador,5343028,premium,False,,medio,True,21876550,1.05,5573736
23,99.023.000-K,PedroLimón Simulado,pedro.limon23@demo-financiero.cl,M,67,casado,False,Farmacéutico,1143928,masivo,True,39.0,bajo,False,5496598,1.55,1673487
24,99.024.000-K,MaríaPera Muestra,maria.pera24@demo-financiero.cl,F,27,casado,False,Enfermero,774299,masivo,True,5.0,bajo,True,7375810,1.65,948455
25,99.025.000-K,JorgeUva Demo,jorge.uva25@demo-financiero.cl,M,48,soltero,True,Diseñador,7915652,premium,True,101.0,medio,True,25623780,1.34,4037173
26,99.026.000-K,ClaudiaFresa Prueba,claudia.fresa26@demo-financiero.cl,F,38,casado,True,Economista,7715205,premium,True,82.0,alto,True,49631259,0.93,7662266
27,99.027.000-K,DiegoMelón Ficticio,diego.melon27@demo-financiero.cl,M,27,soltero,True,Arquitecto,6104711,premium,False,,medio,True,27747787,0.94,3935828
28,99.028.000-K,ValentinaSandía Ejemplo,valentina.sandia28@demo-financiero.cl,F,38,casado,False,Enfermero,8141524,premium,True,83.0,alto,True,43498163,1.32,4372335
29,99.029.000-K,FelipePapaya Falso,felipe.papaya29@demo-financiero.cl,F,30,casado,True,Periodista,2222211,masivo,True,25.0,medio,True,13627248,2.17,921610
30,99.030.000-K,SofíaCiruela Test,sofia.ciruela30@demo-financiero.cl,F,27,casado,False,Periodista,2282633,masivo,True,36.0,bajo,True,5418854,2.19,1975307
31,99.031.000-K,CarlosDurazno Simulado,carlos.durazno31@demo-financiero.cl,M,30,soltero,True,Técnico,813544,masivo,False,,medio,False,10976543,1.68,1535760
32,99.032.000-K,AnaHigo Muestra,ana.higo32@demo-financiero.cl,M,23,divorciado,True,Psicólogo,2828476,masivo,True,7.0,bajo,True,3172531,2.15,2855192
33,99.033.000-K,PedroGuayaba Demo,pedro.guayaba33@demo-financiero.cl,M,34,casado,False,Psicólogo,8593050,premium,False,,medio,True,43952138,1.0,4053497
34,99.034.000-K,MaríaMaracuyá Prueba,maria.maracuya34@demo-financiero.cl,F,25,casado,True,Chef,1271192,masivo,False,,bajo,True,7848838,1.99,1127597
35,99.035.000-K,JorgeLichi Ficticio,jorge.lichi35@demo-financiero.cl,M,38,casado,True,Consultor,617725,emergente,True,10.0,bajo,True,1467634,2.43,115896
36,99.036.000-K,ClaudiaFrambuesa Ejemplo,claudia.frambuesa36@demo-financiero.cl,M,42,soltero,False,Administrador,1353309,masivo,True,73.0,medio,False,6657796,2.02,2518886
37,99.037.000-K,DiegoArándano Falso,diego.arandano37@demo-financiero.cl,M,57,casado,True,Economista,6269814,premium,True,132.0,alto,True,37045079,1.48,3540053
38,99.038.000-K,ValentinaCoco Test,valentina.coco38@demo-financiero.cl,F,27,soltero,True,Abogado,1798148,masivo,False,,bajo,True,10483335,1.5,1265436
39,99.039.000-K,FelipePiña Simulado,felipe.pina39@demo-financiero.cl,F,52,casado,True,Psicólogo,2875513,masivo,True,65.0,medio,False,7032258,1.88,2446100
40,99.040.000-K,SofíaMenta Muestra,sofia.menta40@demo-financiero.cl,M,22,soltero,False,Médico,8095285,premium,False,,alto,True,15022152,0.96,7938715
299,99.299.000-K,FelipePiña Ficticio,felipe.pina299@demo-financiero.cl,F,54,viudo,True,Chef,7272336,premium,False,,bajo,True,41867685,1.2,3149473
41,99.041.000-K,CarlosMango Demo,carlos.mango41@demo-financiero.cl,F,36,divorciado,True,Enfermero,7495230,premium,True,114.0,alto,True,38271345,1.44,5832415
42,99.042.000-K,AnaKiwi Prueba,ana.kiwi42@demo-financiero.cl,F,67,casado,False,Técnico,2669338,masivo,True,6.0,bajo,True,12147721,1.56,953354
43,99.043.000-K,PedroLimón Ficticio,pedro.limon43@demo-financiero.cl,M,65,soltero,False,Vendedor,1994848,masivo,True,71.0,bajo,True,13211421,1.84,842105
44,99.044.000-K,MaríaPera Ejemplo,maria.pera44@demo-financiero.cl,M,57,soltero,True,Analista,1449900,masivo,True,24.0,alto,True,11718015,2.05,596046
45,99.045.000-K,JorgeUva Falso,jorge.uva45@demo-financiero.cl,M,37,soltero,True,Médico,3209261,masivo,True,13.0,medio,True,4952267,1.5,2981727
46,99.046.000-K,ClaudiaFresa Test,claudia.fresa46@demo-financiero.cl,M,48,viudo,True,Economista,319619,emergente,True,23.0,bajo,False,1013009,3.46,486254
47,99.047.000-K,DiegoMelón Simulado,diego.melon47@demo-financiero.cl,M,26,soltero,True,Arquitecto,5757801,premium,True,119.0,alto,True,26685227,1.16,3393483
48,99.048.000-K,ValentinaSandía Muestra,valentina.sandia48@demo-financiero.cl,F,64,soltero,False,Arquitecto,6992374,premium,False,,alto,True,23308067,0.91,7030557
49,99.049.000-K,FelipePapaya Demo,felipe.papaya49@demo-financiero.cl,F,56,soltero,False,Electricista,1764552,masivo,True,69.0,bajo,True,11389012,2.04,2448980
50,99.050.000-K,SofíaCiruela Prueba,sofia.ciruela50@demo-financiero.cl,M,63,soltero,True,Farmacéutico,1920902,masivo,False,,medio,True,6731874,1.77,2015196
51,99.051.000-K,CarlosDurazno Ficticio,carlos.durazno51@demo-financiero.cl,M,31,casado,False,Gerente,2262666,masivo,True,89.0,bajo,True,13208120,1.69,1431239
52,99.052.000-K,AnaHigo Ejemplo,ana.higo52@demo-financiero.cl,M,35,divorciado,False,Ingeniero,759811,masivo,False,,medio,True,8356632,2.03,2750991
53,99.053.000-K,PedroGuayaba Falso,pedro.guayaba53@demo-financiero.cl,M,28,casado,False,Técnico,606293,emergente,True,17.0,medio,True,306180,3.0,338558
54,99.054.000-K,MaríaMaracuyá Test,maria.maracuya54@demo-financiero.cl,M,32,casado,False,Chef,3872391,premium,True,103.0,medio,True,46020951,1.39,3478787
55,99.055.000-K,JorgeLichi Simulado,jorge.lichi55@demo-financiero.cl,M,26,divorciado,False,Profesor,2375201,masivo,True,34.0,medio,True,9939033,1.64,2849188
56,99.056.000-K,ClaudiaFrambuesa Muestra,claudia.frambuesa56@demo-financiero.cl,F,48,casado,False,Gerente,893223,masivo,True,30.0,medio,True,13374527,1.87,2354943
57,99.057.000-K,DiegoArándano Demo,diego.arandano57@demo-financiero.cl,F,56,casado,True,Profesor,3461426,masivo,True,48.0,medio,True,11812496,2.04,2510119
58,99.058.000-K,ValentinaCoco Prueba,valentina.coco58@demo-financiero.cl,M,29,soltero,False,Economista,654387,emergente,False,,medio,True,358539,2.31,405378
59,99.059.000-K,FelipePiña Ficticio,felipe.pina59@demo-financiero.cl,F,32,divorciado,False,Analista,3087814,masivo,True,77.0,medio,True,8650242,1.52,866085
60,99.060.000-K,SofíaMenta Ejemplo,sofia.menta60@demo-financiero.cl,M,61,viudo,True,Farmacéutico,4644255,premium,True,60.0,bajo,True,33737147,1.1,4666823
61,99.061.000-K,CarlosMango Falso,carlos.mango61@demo-financiero.cl,F,36,casado,True,Analista,568865,emergente,True,1.0,bajo,True,1212267,3.22,298798
62,99.062.000-K,AnaKiwi Test,ana.kiwi62@demo-financiero.cl,M,28,divorciado,False,Consultor,1780649,masivo,True,21.0,medio,True,6106684,1.96,1701391
63,99.063.000-K,PedroLimón Simulado,pedro.limon63@demo-financiero.cl,M,30,divorciado,False,Contador,2503084,masivo,False,,bajo,True,11884026,2.03,1284212
64,99.064.000-K,MaríaPera Muestra,maria.pera64@demo-financiero.cl,F,32,casado,True,Arquitecto,3173694,masivo,True,84.0,medio,True,8436828,1.99,1237632
65,99.065.000-K,JorgeUva Demo,jorge.uva65@demo-financiero.cl,F,38,divorciado,False,Técnico,336992,emergente,True,11.0,medio,True,1498346,2.65,202322
66,99.066.000-K,ClaudiaFresa Prueba,claudia.fresa66@demo-financiero.cl,M,49,casado,False,Enfermero,604221,emergente,True,9.0,medio,True,790298,3.36,156123
67,99.067.000-K,DiegoMelón Ficticio,diego.melon67@demo-financiero.cl,M,27,divorciado,True,Gerente,2387862,masivo,True,28.0,bajo,True,8424899,1.82,1594126
68,99.068.000-K,ValentinaSandía Ejemplo,valentina.sandia68@demo-financiero.cl,M,35,casado,False,Vendedor,2202017,masivo,False,,bajo,True,4923127,1.7,1747842
69,99.069.000-K,FelipePapaya Falso,felipe.papaya69@demo-financiero.cl,M,47,soltero,False,Electricista,8396353,premium,True,163.0,alto,True,29598591,0.91,3491385
70,99.070.000-K,SofíaCiruela Test,sofia.ciruela70@demo-financiero.cl,F,57,soltero,True,Profesor,673587,emergente,True,12.0,bajo,True,689082,3.28,113519
71,99.071.000-K,CarlosDurazno Simulado,carlos.durazno71@demo-financiero.cl,F,46,soltero,True,Chef,7686957,premium,True,166.0,alto,True,38801909,0.97,6634736
72,99.072.000-K,AnaHigo Muestra,ana.higo72@demo-financiero.cl,F,59,casado,True,Psicólogo,2562235,masivo,False,,medio,False,3967788,1.51,1796832
73,99.073.000-K,PedroGuayaba Demo,pedro.guayaba73@demo-financiero.cl,M,64,soltero,True,Economista,1251395,masivo,True,88.0,bajo,True,10125497,1.5,1591891
74,99.074.000-K,MaríaMaracuyá Prueba,maria.maracuya74@demo-financiero.cl,F,44,casado,False,Chef,2108624,masivo,True,88.0,bajo,True,12674726,1.92,530704
75,99.075.000-K,JorgeLichi Ficticio,jorge.lichi75@demo-financiero.cl,M,32,casado,False,Consultor,314237,emergente,False,,bajo,True,820753,2.95,303856
76,99.076.000-K,ClaudiaFrambuesa Ejemplo,claudia.frambuesa76@demo-financiero.cl,M,31,soltero,False,Administrador,6648320,premium,True,94.0,alto,True,28273164,1.44,7065790
77,99.077.000-K,DiegoArándano Falso,diego.arandano77@demo-financiero.cl,F,33,casado,False,Consultor,6960381,premium,True,156.0,alto,True,21421350,1.04,6370401
78,99.078.000-K,ValentinaCoco Test,valentina.coco78@demo-financiero.cl,F,54,casado,False,Enfermero,3787693,premium,True,153.0,medio,True,36276637,1.43,4730610
79,99.079.000-K,FelipePiña Simulado,felipe.pina79@demo-financiero.cl,F,37,casado,False,Farmacéutico,370221,emergente,True,1.0,medio,True,1326678,3.08,483920
80,99.080.000-K,SofíaMenta Muestra,sofia.menta80@demo-financiero.cl,M,37,soltero,True,Economista,1659809,masivo,True,94.0,medio,True,9385979,2.16,794862
81,99.081.000-K,CarlosMango Demo,carlos.mango81@demo-financiero.cl,M,50,casado,True,Diseñador,1854451,masivo,True,71.0,bajo,False,3235554,1.55,1090907
82,99.082.000-K,AnaKiwi Prueba,ana.kiwi82@demo-financiero.cl,F,37,soltero,False,Psicólogo,3441213,masivo,True,63.0,alto,True,5202016,1.71,1712337
83,99.083.000-K,PedroLimón Ficticio,pedro.limon83@demo-financiero.cl,F,41,divorciado,False,Médico,2090185,masivo,True,4.0,bajo,True,7203117,2.13,2177783
84,99.084.000-K,MaríaPera Ejemplo,maria.pera84@demo-financiero.cl,F,44,soltero,True,Médico,469980,emergente,False,,medio,True,801775,2.73,263688
85,99.085.000-K,JorgeUva Falso,jorge.uva85@demo-financiero.cl,F,61,divorciado,False,Enfermero,3915716,premium,True,112.0,alto,True,22393147,1.04,7034526
86,99.086.000-K,ClaudiaFresa Test,claudia.fresa86@demo-financiero.cl,M,32,divorciado,True,Técnico,437624,emergente,True,15.0,medio,True,1828585,2.25,363146
87,99.087.000-K,DiegoMelón Simulado,diego.melon87@demo-financiero.cl,M,27,casado,True,Analista,4300272,premium,True,36.0,alto,True,47628988,1.48,4852718
88,99.088.000-K,ValentinaSandía Muestra,valentina.sandia88@demo-financiero.cl,F,29,casado,False,Periodista,517637,emergente,True,14.0,medio,True,1859298,2.45,101956
89,99.089.000-K,FelipePapaya Demo,felipe.papaya89@demo-financiero.cl,M,41,casado,True,Administrador,2145843,masivo,True,33.0,medio,True,12881459,1.92,922321
90,99.090.000-K,SofíaCiruela Prueba,sofia.ciruela90@demo-financiero.cl,F,56,soltero,False,Chef,619831,emergente,True,24.0,bajo,True,1327820,2.56,331150
91,99.091.000-K,CarlosDurazno Ficticio,carlos.durazno91@demo-financiero.cl,M,49,viudo,False,Gerente,7997259,premium,True,121.0,alto,False,25477362,1.16,3982337
92,99.092.000-K,AnaHigo Ejemplo,ana.higo92@demo-financiero.cl,F,47,casado,False,Farmacéutico,596400,emergente,True,6.0,bajo,True,1543223,2.92,175757
93,99.093.000-K,PedroGuayaba Falso,pedro.guayaba93@demo-financiero.cl,M,42,casado,True,Electricista,2402066,masivo,False,,bajo,True,4239543,1.5,1887746
94,99.094.000-K,MaríaMaracuyá Test,maria.maracuya94@demo-financiero.cl,F,57,soltero,False,Consultor,7648497,premium,False,,bajo,True,46321809,1.2,5210738
95,99.095.000-K,JorgeLichi Simulado,jorge.lichi95@demo-financiero.cl,F,51,casado,True,Arquitecto,7473307,premium,True,67.0,medio,True,47396970,1.17,5673907
96,99.096.000-K,ClaudiaFrambuesa Muestra,claudia.frambuesa96@demo-financiero.cl,M,66,divorciado,False,Médico,1358562,masivo,False,,bajo,True,11973483,1.65,1608715
97,99.097.000-K,DiegoArándano Demo,diego.arandano97@demo-financiero.cl,F,53,casado,True,Chef,698529,emergente,True,3.0,medio,True,1323427,3.02,156276
98,99.098.000-K,ValentinaCoco Prueba,valentina.coco98@demo-financiero.cl,F,66,soltero,True,Periodista,354370,emergente,False,,bajo,True,723121,2.74,418837
99,99.099.000-K,FelipePiña Ficticio,felipe.pina99@demo-financiero.cl,M,53,casado,False,Consultor,2009803,masivo,True,8.0,bajo,True,11408651,1.7,2205313
100,99.100.000-K,SofíaMenta Ejemplo,sofia.menta100@demo-financiero.cl,F,35,casado,True,Arquitecto,2079899,masivo,True,48.0,bajo,True,3955549,2.03,1070657
101,99.101.000-K,CarlosMango Falso,carlos.mango101@demo-financiero.cl,F,55,casado,True,Economista,5057634,premium,True,42.0,alto,True,24441559,1.39,4521707
102,99.102.000-K,AnaKiwi Test,ana.kiwi102@demo-financiero.cl,M,55,soltero,False,Enfermero,6455813,premium,True,116.0,alto,True,34954237,1.32,6605162
103,99.103.000-K,PedroLimón Simulado,pedro.limon103@demo-financiero.cl,M,24,divorciado,False,Arquitecto,642235,emergente,True,15.0,bajo,True,493386,2.77,119826
104,99.104.000-K,MaríaPera Muestra,maria.pera104@demo-financiero.cl,F,47,casado,False,Administrador,6559535,premium,False,,alto,True,24080671,0.93,6861167
105,99.105.000-K,JorgeUva Demo,jorge.uva105@demo-financiero.cl,M,33,soltero,True,Médico,482635,emergente,True,19.0,bajo,True,441598,2.54,307146
106,99.106.000-K,ClaudiaFresa Prueba,claudia.fresa106@demo-financiero.cl,F,57,casado,False,Ingeniero,8569129,premium,False,,medio,False,45289356,1.36,7841346
107,99.107.000-K,DiegoMelón Ficticio,diego.melon107@demo-financiero.cl,F,67,casado,False,Chef,1969648,masivo,True,8.0,medio,True,5052847,2.07,716916
108,99.108.000-K,ValentinaSandía Ejemplo,valentina.sandia108@demo-financiero.cl,F,30,casado,True,Abogado,1597970,masivo,True,8.0,medio,True,9823017,2.03,1443211
109,99.109.000-K,FelipePapaya Falso,felipe.papaya109@demo-financiero.cl,F,34,soltero,True,Abogado,307236,emergente,True,23.0,bajo,True,1362496,3.13,152343
110,99.110.000-K,SofíaCiruela Test,sofia.ciruela110@demo-financiero.cl,M,68,soltero,False,Analista,454338,emergente,False,,bajo,True,1140026,2.23,376093
111,99.111.000-K,CarlosDurazno Simulado,carlos.durazno111@demo-financiero.cl,F,25,casado,False,Administrador,3435041,masivo,True,66.0,alto,False,9041603,2.11,574299
112,99.112.000-K,AnaHigo Muestra,ana.higo112@demo-financiero.cl,M,29,soltero,False,Enfermero,389521,emergente,True,16.0,medio,False,1972094,2.44,206076
113,99.113.000-K,PedroGuayaba Demo,pedro.guayaba113@demo-financiero.cl,F,22,casado,True,Economista,4003983,premium,True,35.0,alto,True,30689208,1.3,6375326
114,99.114.000-K,MaríaMaracuyá Prueba,maria.maracuya114@demo-financiero.cl,M,46,soltero,False,Técnico,2891681,masivo,False,,bajo,True,6767130,1.51,2370053
115,99.115.000-K,JorgeLichi Ficticio,jorge.lichi115@demo-financiero.cl,M,44,soltero,False,Electricista,1971507,masivo,False,,medio,True,6591591,1.66,2047167
116,99.116.000-K,ClaudiaFrambuesa Ejemplo,claudia.frambuesa116@demo-financiero.cl,F,51,soltero,True,Farmacéutico,702240,masivo,True,81.0,alto,False,8834625,1.59,2629989
117,99.117.000-K,DiegoArándano Falso,diego.arandano117@demo-financiero.cl,M,64,soltero,False,Chef,6180463,premium,True,169.0,alto,True,28569177,1.39,6673274
118,99.118.000-K,ValentinaCoco Test,valentina.coco118@demo-financiero.cl,M,46,casado,False,Contador,2992478,masivo,False,,bajo,True,13648299,1.7,2213440
119,99.119.000-K,FelipePiña Simulado,felipe.pina119@demo-financiero.cl,M,55,casado,False,Arquitecto,2635541,masivo,False,,medio,False,9385697,1.54,1372893
120,99.120.000-K,SofíaMenta Muestra,sofia.menta120@demo-financiero.cl,F,57,soltero,False,Electricista,4376619,premium,True,51.0,medio,True,15136608,1.1,6292194
121,99.121.000-K,CarlosMango Demo,carlos.mango121@demo-financiero.cl,M,30,casado,False,Psicólogo,2837829,masivo,True,88.0,medio,True,4626243,1.81,1760197
122,99.122.000-K,AnaKiwi Prueba,ana.kiwi122@demo-financiero.cl,F,23,casado,True,Consultor,645686,emergente,False,,medio,True,1491123,2.25,203797
123,99.123.000-K,PedroLimón Ficticio,pedro.limon123@demo-financiero.cl,F,67,casado,False,Administrador,2727081,masivo,False,,bajo,False,3776092,1.89,1378442
124,99.124.000-K,MaríaPera Ejemplo,maria.pera124@demo-financiero.cl,M,67,soltero,True,Abogado,1067308,masivo,True,8.0,bajo,True,14118750,1.86,2968288
125,99.125.000-K,JorgeUva Falso,jorge.uva125@demo-financiero.cl,F,62,casado,False,Farmacéutico,3411632,masivo,False,,medio,False,3884217,1.57,713157
126,99.126.000-K,ClaudiaFresa Test,claudia.fresa126@demo-financiero.cl,F,25,soltero,True,Arquitecto,491225,emergente,False,,bajo,True,1226879,3.16,263111
127,99.127.000-K,DiegoMelón Simulado,diego.melon127@demo-financiero.cl,F,47,soltero,False,Contador,922718,masivo,False,,bajo,True,5494759,2.05,1748173
128,99.128.000-K,ValentinaSandía Muestra,valentina.sandia128@demo-financiero.cl,M,62,soltero,False,Farmacéutico,1778136,masivo,False,,medio,True,8646516,2.15,700724
129,99.129.000-K,FelipePapaya Demo,felipe.papaya129@demo-financiero.cl,M,42,casado,True,Médico,3085957,masivo,True,36.0,medio,True,2985771,2.09,1525517
130,99.130.000-K,SofíaCiruela Prueba,sofia.ciruela130@demo-financiero.cl,M,62,viudo,True,Abogado,6786158,premium,True,154.0,medio,True,23370975,1.07,6994606
131,99.131.000-K,CarlosDurazno Ficticio,carlos.durazno131@demo-financiero.cl,M,59,viudo,True,Analista,7484483,premium,True,144.0,alto,True,38226821,1.06,7980319
132,99.132.000-K,AnaHigo Ejemplo,ana.higo132@demo-financiero.cl,F,60,viudo,True,Economista,2215832,masivo,True,74.0,bajo,True,10613073,1.67,942822
133,99.133.000-K,PedroGuayaba Falso,pedro.guayaba133@demo-financiero.cl,F,32,viudo,False,Administrador,373294,emergente,True,5.0,bajo,True,1549449,3.16,199305
134,99.134.000-K,MaríaMaracuyá Test,maria.maracuya134@demo-financiero.cl,M,57,divorciado,False,Consultor,329578,emergente,True,24.0,bajo,True,956385,3.46,242178
135,99.135.000-K,JorgeLichi Simulado,jorge.lichi135@demo-financiero.cl,F,38,soltero,True,Enfermero,2067507,masivo,True,69.0,medio,True,8274566,2.12,1561097
136,99.136.000-K,ClaudiaFrambuesa Muestra,claudia.frambuesa136@demo-financiero.cl,F,67,divorciado,False,Chef,2011627,masivo,True,77.0,bajo,False,13005259,2.08,1611319
137,99.137.000-K,DiegoArándano Demo,diego.arandano137@demo-financiero.cl,M,35,casado,False,Administrador,2669354,masivo,True,4.0,medio,True,7783453,2.17,2690251
138,99.138.000-K,ValentinaCoco Prueba,valentina.coco138@demo-financiero.cl,M,52,soltero,True,Farmacéutico,1170697,masivo,True,8.0,medio,False,9562153,1.86,2662941
139,99.139.000-K,FelipePiña Ficticio,felipe.pina139@demo-financiero.cl,F,61,casado,False,Ingeniero,2923903,masivo,True,78.0,bajo,True,8795037,1.63,558629
140,99.140.000-K,SofíaMenta Ejemplo,sofia.menta140@demo-financiero.cl,F,52,soltero,True,Farmacéutico,5950696,premium,True,90.0,alto,True,26372334,1.37,4496143
141,99.141.000-K,CarlosMango Falso,carlos.mango141@demo-financiero.cl,M,66,casado,False,Vendedor,504833,emergente,True,13.0,bajo,True,1865800,3.44,123062
142,99.142.000-K,AnaKiwi Test,ana.kiwi142@demo-financiero.cl,M,39,divorciado,True,Farmacéutico,2462966,masivo,True,93.0,bajo,True,5841912,1.72,1521512
143,99.143.000-K,PedroLimón Simulado,pedro.limon143@demo-financiero.cl,M,68,casado,False,Técnico,3374571,masivo,True,75.0,bajo,True,9765293,1.82,2516394
144,99.144.000-K,MaríaPera Muestra,maria.pera144@demo-financiero.cl,F,66,casado,True,Chef,6693440,premium,True,91.0,medio,True,19536516,1.17,7059351
145,99.145.000-K,JorgeUva Demo,jorge.uva145@demo-financiero.cl,F,59,soltero,False,Vendedor,378843,emergente,True,21.0,bajo,True,838169,2.93,282991
146,99.146.000-K,ClaudiaFresa Prueba,claudia.fresa146@demo-financiero.cl,F,67,soltero,False,Arquitecto,3189648,masivo,True,92.0,medio,False,4836736,1.84,1702276
147,99.147.000-K,DiegoMelón Ficticio,diego.melon147@demo-financiero.cl,F,44,casado,True,Ingeniero,512186,emergente,False,,bajo,True,766132,2.45,142319
148,99.148.000-K,ValentinaSandía Ejemplo,valentina.sandia148@demo-financiero.cl,M,45,divorciado,False,Abogado,3087923,masivo,True,34.0,bajo,True,8757993,2.04,656505
149,99.149.000-K,FelipePapaya Falso,felipe.papaya149@demo-financiero.cl,M,56,casado,True,Psicólogo,2353551,masivo,True,89.0,bajo,True,2677324,2.16,2476213
150,99.150.000-K,SofíaCiruela Test,sofia.ciruela150@demo-financiero.cl,F,28,casado,True,Periodista,778634,masivo,True,12.0,bajo,False,13713148,2.09,2592259
151,99.151.000-K,CarlosDurazno Simulado,carlos.durazno151@demo-financiero.cl,F,66,soltero,False,Contador,371772,emergente,False,,alto,True,1703314,2.72,378995
152,99.152.000-K,AnaHigo Muestra,ana.higo152@demo-financiero.cl,M,31,soltero,False,Gerente,2786367,masivo,True,15.0,bajo,True,4984874,1.61,575069
153,99.153.000-K,PedroGuayaba Demo,pedro.guayaba153@demo-financiero.cl,F,33,soltero,True,Profesor,497871,emergente,True,3.0,bajo,True,1810408,2.22,173680
154,99.154.000-K,MaríaMaracuyá Prueba,maria.maracuya154@demo-financiero.cl,F,50,divorciado,False,Gerente,6401222,premium,True,69.0,alto,True,31668954,1.22,5492157
155,99.155.000-K,JorgeLichi Ficticio,jorge.lichi155@demo-financiero.cl,F,33,casado,False,Arquitecto,1872904,masivo,True,23.0,bajo,True,2689000,1.96,962599
156,99.156.000-K,ClaudiaFrambuesa Ejemplo,claudia.frambuesa156@demo-financiero.cl,M,54,casado,False,Administrador,3029116,masivo,True,84.0,alto,False,10939900,1.96,1566819
157,99.157.000-K,DiegoArándano Falso,diego.arandano157@demo-financiero.cl,F,48,divorciado,True,Técnico,453401,emergente,True,14.0,bajo,True,389036,2.74,116876
158,99.158.000-K,ValentinaCoco Test,valentina.coco158@demo-financiero.cl,F,37,divorciado,False,Ingeniero,2166070,masivo,True,9.0,medio,True,4911272,2.11,1837612
159,99.159.000-K,FelipePiña Simulado,felipe.pina159@demo-financiero.cl,M,66,casado,False,Economista,7664178,premium,False,,alto,True,35316612,1.42,6738690
160,99.160.000-K,SofíaMenta Muestra,sofia.menta160@demo-financiero.cl,M,51,soltero,True,Arquitecto,2397162,masivo,False,,bajo,True,2095910,1.57,922770
161,99.161.000-K,CarlosMango Demo,carlos.mango161@demo-financiero.cl,M,36,soltero,True,Consultor,7594238,premium,False,,alto,False,20781130,1.0,6250875
162,99.162.000-K,AnaKiwi Prueba,ana.kiwi162@demo-financiero.cl,M,53,viudo,True,Psicólogo,3423054,masivo,True,88.0,medio,True,5668487,2.11,1264195
163,99.163.000-K,PedroLimón Ficticio,pedro.limon163@demo-financiero.cl,F,32,soltero,False,Chef,2788007,masivo,True,34.0,medio,False,10884405,1.96,1321968
164,99.164.000-K,MaríaPera Ejemplo,maria.pera164@demo-financiero.cl,M,22,soltero,True,Diseñador,2087806,masivo,False,,bajo,True,6752816,1.59,2782024
165,99.165.000-K,JorgeUva Falso,jorge.uva165@demo-financiero.cl,M,28,casado,True,Consultor,672360,emergente,False,,medio,True,1651948,3.12,155820
166,99.166.000-K,ClaudiaFresa Test,claudia.fresa166@demo-financiero.cl,M,35,casado,True,Gerente,2559874,masivo,True,21.0,bajo,True,6604186,1.66,1686324
167,99.167.000-K,DiegoMelón Simulado,diego.melon167@demo-financiero.cl,M,57,casado,False,Médico,753886,masivo,True,91.0,alto,True,6400143,2.11,905926
168,99.168.000-K,ValentinaSandía Muestra,valentina.sandia168@demo-financiero.cl,F,32,casado,True,Abogado,433290,emergente,True,11.0,bajo,True,1014167,2.63,159478
169,99.169.000-K,FelipePapaya Demo,felipe.papaya169@demo-financiero.cl,M,28,soltero,False,Analista,1377153,masivo,True,95.0,alto,True,8781754,1.68,982514
170,99.170.000-K,SofíaCiruela Prueba,sofia.ciruela170@demo-financiero.cl,M,34,casado,False,Abogado,627720,emergente,True,17.0,bajo,True,904346,2.93,213757
171,99.171.000-K,CarlosDurazno Ficticio,carlos.durazno171@demo-financiero.cl,F,42,soltero,False,Periodista,4825950,premium,True,149.0,medio,False,34393961,0.96,4054850
172,99.172.000-K,AnaHigo Ejemplo,ana.higo172@demo-financiero.cl,F,67,casado,True,Abogado,3349214,masivo,True,25.0,medio,True,14457398,1.78,2420647
173,99.173.000-K,PedroGuayaba Falso,pedro.guayaba173@demo-financiero.cl,M,25,soltero,False,Farmacéutico,3480670,masivo,False,,bajo,True,9359752,1.98,2367766
174,99.174.000-K,MaríaMaracuyá Test,maria.maracuya174@demo-financiero.cl,F,57,soltero,False,Periodista,2949440,masivo,False,,medio,False,9021683,2.18,1216438
175,99.175.000-K,JorgeLichi Simulado,jorge.lichi175@demo-financiero.cl,F,30,soltero,False,Farmacéutico,535778,emergente,False,,medio,True,659141,2.67,295257
176,99.176.000-K,ClaudiaFrambuesa Muestra,claudia.frambuesa176@demo-financiero.cl,M,38,divorciado,False,Vendedor,484001,emergente,True,19.0,medio,True,1764038,2.56,207414
177,99.177.000-K,DiegoArándano Demo,diego.arandano177@demo-financiero.cl,F,23,divorciado,False,Gerente,686532,emergente,True,7.0,bajo,True,1538340,2.58,283503
178,99.178.000-K,ValentinaCoco Prueba,valentina.coco178@demo-financiero.cl,F,28,casado,True,Vendedor,1533241,masivo,True,22.0,bajo,True,8360996,1.77,1360863
179,99.179.000-K,FelipePiña Ficticio,felipe.pina179@demo-financiero.cl,M,57,divorciado,True,Médico,316483,emergente,True,20.0,medio,False,1707891,3.03,101119
180,99.180.000-K,SofíaMenta Ejemplo,sofia.menta180@demo-financiero.cl,M,35,casado,False,Profesor,4815432,premium,True,45.0,medio,False,32393690,1.13,7855211
181,99.181.000-K,CarlosMango Falso,carlos.mango181@demo-financiero.cl,M,42,soltero,False,Abogado,407621,emergente,True,11.0,alto,False,1244619,3.14,406768
182,99.182.000-K,AnaKiwi Test,ana.kiwi182@demo-financiero.cl,F,64,casado,True,Ingeniero,378883,emergente,False,,medio,True,1499489,3.45,457058
183,99.183.000-K,PedroLimón Simulado,pedro.limon183@demo-financiero.cl,M,53,casado,True,Técnico,674271,emergente,True,17.0,bajo,True,1941609,2.33,342985
184,99.184.000-K,MaríaPera Muestra,maria.pera184@demo-financiero.cl,M,31,soltero,True,Vendedor,581987,emergente,False,,bajo,True,333294,2.87,291919
185,99.185.000-K,JorgeUva Demo,jorge.uva185@demo-financiero.cl,M,50,casado,True,Periodista,1569528,masivo,True,53.0,medio,True,4986670,1.51,1285427
186,99.186.000-K,ClaudiaFresa Prueba,claudia.fresa186@demo-financiero.cl,F,62,casado,False,Profesor,3310380,masivo,True,74.0,medio,True,7793409,1.54,1214228
187,99.187.000-K,DiegoMelón Ficticio,diego.melon187@demo-financiero.cl,M,38,casado,False,Analista,693670,emergente,True,24.0,bajo,True,1759653,3.39,271232
188,99.188.000-K,ValentinaSandía Ejemplo,valentina.sandia188@demo-financiero.cl,F,37,soltero,False,Gerente,7976015,premium,True,51.0,medio,True,28569914,1.22,5888265
189,99.189.000-K,FelipePapaya Falso,felipe.papaya189@demo-financiero.cl,F,39,soltero,True,Administrador,391521,emergente,True,5.0,bajo,True,1835958,2.82,195251
190,99.190.000-K,SofíaCiruela Test,sofia.ciruela190@demo-financiero.cl,F,25,soltero,True,Diseñador,5371196,premium,True,124.0,medio,True,39569751,1.03,3982164
191,99.191.000-K,CarlosDurazno Simulado,carlos.durazno191@demo-financiero.cl,F,36,casado,True,Electricista,7624367,premium,False,,medio,False,43096306,1.17,5085331
192,99.192.000-K,AnaHigo Muestra,ana.higo192@demo-financiero.cl,F,50,soltero,False,Enfermero,345526,emergente,True,11.0,bajo,True,1812533,3.33,202789
193,99.193.000-K,PedroGuayaba Demo,pedro.guayaba193@demo-financiero.cl,M,42,casado,False,Profesor,2683453,masivo,True,50.0,medio,True,10811058,2.11,2417616
194,99.194.000-K,MaríaMaracuyá Prueba,maria.maracuya194@demo-financiero.cl,F,35,soltero,True,Economista,2630119,masivo,False,,medio,True,10827608,2.15,768101
195,99.195.000-K,JorgeLichi Ficticio,jorge.lichi195@demo-financiero.cl,M,54,soltero,True,Periodista,5125754,premium,True,44.0,alto,True,47426932,1.33,4292895
196,99.196.000-K,ClaudiaFrambuesa Ejemplo,claudia.frambuesa196@demo-financiero.cl,F,43,soltero,False,Gerente,3379184,masivo,False,,medio,True,4040688,1.71,1042807
197,99.197.000-K,DiegoArándano Falso,diego.arandano197@demo-financiero.cl,F,28,casado,False,Administrador,2657421,masivo,False,,medio,True,7365309,1.74,1318535
198,99.198.000-K,ValentinaCoco Test,valentina.coco198@demo-financiero.cl,F,23,soltero,True,Chef,449321,emergente,True,10.0,bajo,True,816394,2.32,490304
199,99.199.000-K,FelipePiña Simulado,felipe.pina199@demo-financiero.cl,F,47,casado,False,Abogado,2886221,masivo,True,73.0,bajo,True,14969852,2.07,1808419
200,99.200.000-K,SofíaMenta Muestra,sofia.menta200@demo-financiero.cl,M,64,casado,False,Arquitecto,3620614,premium,False,,medio,False,46471617,0.97,6635717
201,99.201.000-K,CarlosMango Demo,carlos.mango201@demo-financiero.cl,M,29,casado,False,Arquitecto,860035,masivo,False,,medio,True,6697429,2.15,1641864
202,99.202.000-K,AnaKiwi Prueba,ana.kiwi202@demo-financiero.cl,M,49,casado,False,Electricista,4136330,premium,True,100.0,alto,False,39590037,0.89,6717090
203,99.203.000-K,PedroLimón Ficticio,pedro.limon203@demo-financiero.cl,F,31,casado,True,Diseñador,4512064,premium,True,117.0,alto,True,46686607,0.97,4255787
204,99.204.000-K,MaríaPera Ejemplo,maria.pera204@demo-financiero.cl,M,28,casado,True,Enfermero,5437293,premium,False,,alto,False,36729738,1.2,5938114
205,99.205.000-K,JorgeUva Falso,jorge.uva205@demo-financiero.cl,F,34,soltero,True,Diseñador,3968323,premium,False,,medio,True,33649216,1.21,6052555
206,99.206.000-K,ClaudiaFresa Test,claudia.fresa206@demo-financiero.cl,M,37,soltero,True,Gerente,2047220,masivo,True,15.0,bajo,True,5076100,1.61,1663843
207,99.207.000-K,DiegoMelón Simulado,diego.melon207@demo-financiero.cl,M,39,soltero,False,Analista,3300603,masivo,False,,bajo,True,2442178,2.08,878730
208,99.208.000-K,ValentinaSandía Muestra,valentina.sandia208@demo-financiero.cl,F,54,casado,True,Contador,578452,emergente,True,17.0,bajo,True,852717,2.76,259168
209,99.209.000-K,FelipePapaya Demo,felipe.papaya209@demo-financiero.cl,F,64,soltero,True,Consultor,2701659,masivo,False,,bajo,False,13082243,1.9,817236
210,99.210.000-K,SofíaCiruela Prueba,sofia.ciruela210@demo-financiero.cl,F,43,casado,False,Chef,1419426,masivo,False,,bajo,True,10900250,1.82,2724578
211,99.211.000-K,CarlosDurazno Ficticio,carlos.durazno211@demo-financiero.cl,M,48,soltero,False,Médico,1682666,masivo,True,17.0,bajo,True,9400296,1.98,2900047
212,99.212.000-K,AnaHigo Ejemplo,ana.higo212@demo-financiero.cl,F,35,casado,True,Vendedor,1162315,masivo,False,,bajo,True,13354651,1.87,1692328
213,99.213.000-K,PedroGuayaba Falso,pedro.guayaba213@demo-financiero.cl,F,47,divorciado,True,Chef,8310222,premium,True,123.0,alto,True,30922892,1.13,7883693
214,99.214.000-K,MaríaMaracuyá Test,maria.maracuya214@demo-financiero.cl,M,65,soltero,False,Gerente,683533,emergente,True,4.0,medio,False,1964678,3.0,487169
215,99.215.000-K,JorgeLichi Simulado,jorge.lichi215@demo-financiero.cl,F,51,soltero,False,Médico,5245777,premium,True,97.0,alto,True,34518024,1.33,7892889
216,99.216.000-K,ClaudiaFrambuesa Muestra,claudia.frambuesa216@demo-financiero.cl,F,53,divorciado,False,Administrador,3629349,premium,False,,medio,True,24551186,0.98,5410356
217,99.217.000-K,DiegoArándano Demo,diego.arandano217@demo-financiero.cl,M,54,soltero,True,Arquitecto,1713337,masivo,False,,alto,True,14593785,2.16,2037382
218,99.218.000-K,ValentinaCoco Prueba,valentina.coco218@demo-financiero.cl,F,25,casado,False,Técnico,680675,emergente,False,,medio,True,1510842,3.49,211833
219,99.219.000-K,FelipePiña Ficticio,felipe.pina219@demo-financiero.cl,F,45,divorciado,False,Chef,2207821,masivo,True,89.0,bajo,True,12056896,1.54,1184413
220,99.220.000-K,SofíaMenta Ejemplo,sofia.menta220@demo-financiero.cl,F,47,soltero,False,Electricista,483573,emergente,False,,medio,True,1019642,3.03,317475
221,99.221.000-K,CarlosMango Falso,carlos.mango221@demo-financiero.cl,F,47,casado,True,Arquitecto,444839,emergente,True,13.0,bajo,True,1490645,3.45,392412
222,99.222.000-K,AnaKiwi Test,ana.kiwi222@demo-financiero.cl,F,22,casado,True,Técnico,1721425,masivo,False,,bajo,True,8978421,2.12,586658
223,99.223.000-K,PedroLimón Simulado,pedro.limon223@demo-financiero.cl,F,24,divorciado,False,Electricista,434822,emergente,True,16.0,bajo,True,371176,2.29,106083
224,99.224.000-K,MaríaPera Muestra,maria.pera224@demo-financiero.cl,F,59,divorciado,True,Gerente,5933101,premium,True,77.0,medio,True,40960278,0.9,5418460
225,99.225.000-K,JorgeUva Demo,jorge.uva225@demo-financiero.cl,F,52,divorciado,True,Periodista,2708312,masivo,True,82.0,alto,True,9607228,2.15,2635563
226,99.226.000-K,ClaudiaFresa Prueba,claudia.fresa226@demo-financiero.cl,M,67,casado,True,Analista,2290787,masivo,True,14.0,bajo,True,6616381,1.57,2664864
227,99.227.000-K,DiegoMelón Ficticio,diego.melon227@demo-financiero.cl,M,44,casado,False,Psicólogo,683904,emergente,True,10.0,bajo,True,1455936,3.15,477752
228,99.228.000-K,ValentinaSandía Ejemplo,valentina.sandia228@demo-financiero.cl,M,50,casado,False,Arquitecto,2149474,masivo,True,11.0,bajo,True,10909184,2.12,1056946
229,99.229.000-K,FelipePapaya Falso,felipe.papaya229@demo-financiero.cl,M,51,casado,False,Electricista,5059679,premium,False,,alto,False,33289854,1.4,5268715
230,99.230.000-K,SofíaCiruela Test,sofia.ciruela230@demo-financiero.cl,F,49,soltero,False,Profesor,2996698,masivo,True,22.0,medio,True,12850178,1.55,2352215
231,99.231.000-K,CarlosDurazno Simulado,carlos.durazno231@demo-financiero.cl,F,39,soltero,False,Vendedor,2711985,masivo,True,35.0,bajo,True,10346410,2.0,1985483
232,99.232.000-K,AnaHigo Muestra,ana.higo232@demo-financiero.cl,F,49,casado,False,Enfermero,5376836,premium,True,90.0,alto,False,27143159,1.02,4432062
233,99.233.000-K,PedroGuayaba Demo,pedro.guayaba233@demo-financiero.cl,M,61,casado,False,Abogado,5370738,premium,True,45.0,medio,True,34082637,1.12,3132330
234,99.234.000-K,MaríaMaracuyá Prueba,maria.maracuya234@demo-financiero.cl,M,55,casado,False,Farmacéutico,7706769,premium,True,111.0,medio,True,36182485,0.96,4519817
235,99.235.000-K,JorgeLichi Ficticio,jorge.lichi235@demo-financiero.cl,M,60,casado,True,Analista,3023463,masivo,True,7.0,alto,True,13136062,1.84,829278
236,99.236.000-K,ClaudiaFrambuesa Ejemplo,claudia.frambuesa236@demo-financiero.cl,F,35,soltero,True,Chef,514639,emergente,True,20.0,bajo,True,1524823,3.11,284179
237,99.237.000-K,DiegoArándano Falso,diego.arandano237@demo-financiero.cl,F,42,soltero,False,Consultor,1081046,masivo,True,93.0,bajo,True,9243757,1.78,2899733
238,99.238.000-K,ValentinaCoco Test,valentina.coco238@demo-financiero.cl,M,42,divorciado,True,Diseñador,1477698,masivo,False,,medio,True,11352303,1.6,704230
239,99.239.000-K,FelipePiña Simulado,felipe.pina239@demo-financiero.cl,F,49,casado,False,Consultor,728701,masivo,False,,bajo,True,13699111,1.88,2870797
240,99.240.000-K,SofíaMenta Muestra,sofia.menta240@demo-financiero.cl,F,45,casado,True,Chef,4571257,premium,True,180.0,bajo,True,47578783,0.93,7762177
241,99.241.000-K,CarlosMango Demo,carlos.mango241@demo-financiero.cl,F,52,casado,True,Electricista,614910,emergente,False,,bajo,True,1250001,2.96,330316
242,99.242.000-K,AnaKiwi Prueba,ana.kiwi242@demo-financiero.cl,F,35,soltero,False,Diseñador,2101750,masivo,True,94.0,bajo,False,2839774,2.1,1655138
243,99.243.000-K,PedroLimón Ficticio,pedro.limon243@demo-financiero.cl,F,60,casado,True,Economista,2168841,masivo,True,4.0,bajo,False,10076811,1.67,581225
244,99.244.000-K,MaríaPera Ejemplo,maria.pera244@demo-financiero.cl,F,27,casado,True,Médico,2602305,masivo,True,57.0,bajo,True,4790361,1.61,967880
245,99.245.000-K,JorgeUva Falso,jorge.uva245@demo-financiero.cl,M,28,casado,True,Consultor,728721,masivo,True,60.0,medio,False,10752879,2.2,1815014
246,99.246.000-K,ClaudiaFresa Test,claudia.fresa246@demo-financiero.cl,M,25,casado,True,Gerente,1908199,masivo,True,69.0,bajo,True,2088356,2.08,992881
247,99.247.000-K,DiegoMelón Simulado,diego.melon247@demo-financiero.cl,M,52,casado,False,Periodista,2599069,masivo,True,88.0,bajo,True,10738526,1.7,2809137
248,99.248.000-K,ValentinaSandía Muestra,valentina.sandia248@demo-financiero.cl,M,57,soltero,True,Administrador,2810457,masivo,False,,bajo,True,9517731,1.81,1512073
249,99.249.000-K,FelipePapaya Demo,felipe.papaya249@demo-financiero.cl,M,58,casado,True,Técnico,5103680,premium,True,167.0,medio,True,18939316,1.28,7981450
250,99.250.000-K,SofíaCiruela Prueba,sofia.ciruela250@demo-financiero.cl,M,65,casado,False,Contador,5775244,premium,True,135.0,medio,True,44113131,1.07,4273515
251,99.251.000-K,CarlosDurazno Ficticio,carlos.durazno251@demo-financiero.cl,F,66,soltero,False,Chef,2161829,masivo,True,65.0,alto,True,13534782,2.16,1417826
252,99.252.000-K,AnaHigo Ejemplo,ana.higo252@demo-financiero.cl,M,46,casado,False,Psicólogo,390817,emergente,True,12.0,bajo,True,1574119,3.16,328274
253,99.253.000-K,PedroGuayaba Falso,pedro.guayaba253@demo-financiero.cl,M,62,casado,True,Enfermero,7369592,premium,True,92.0,bajo,True,42299767,1.44,6312168
254,99.254.000-K,MaríaMaracuyá Test,maria.maracuya254@demo-financiero.cl,M,58,casado,False,Economista,1756272,masivo,True,89.0,bajo,False,14200047,1.73,1251782
255,99.255.000-K,JorgeLichi Simulado,jorge.lichi255@demo-financiero.cl,F,43,casado,True,Médico,1146882,masivo,True,66.0,medio,True,5984112,2.0,2884476
256,99.256.000-K,ClaudiaFrambuesa Muestra,claudia.frambuesa256@demo-financiero.cl,F,57,divorciado,False,Abogado,440353,emergente,True,18.0,bajo,True,1953328,2.66,326753
257,99.257.000-K,DiegoArándano Demo,diego.arandano257@demo-financiero.cl,M,56,casado,True,Técnico,414053,emergente,True,6.0,bajo,True,1841759,3.43,310374
258,99.258.000-K,ValentinaCoco Prueba,valentina.coco258@demo-financiero.cl,F,48,casado,True,Diseñador,607715,emergente,True,16.0,bajo,True,1193857,2.64,273112
259,99.259.000-K,FelipePiña Ficticio,felipe.pina259@demo-financiero.cl,F,28,soltero,False,Profesor,995466,masivo,True,49.0,medio,True,6568277,1.72,1337261
260,99.260.000-K,SofíaMenta Ejemplo,sofia.menta260@demo-financiero.cl,M,38,soltero,True,Contador,7848744,premium,True,57.0,medio,True,39758104,1.28,6707664
261,99.261.000-K,CarlosMango Falso,carlos.mango261@demo-financiero.cl,M,27,casado,False,Enfermero,7868272,premium,True,129.0,alto,True,42239795,1.27,7936661
262,99.262.000-K,AnaKiwi Test,ana.kiwi262@demo-financiero.cl,M,41,divorciado,True,Consultor,426223,emergente,True,20.0,medio,True,1747940,2.8,137940
263,99.263.000-K,PedroLimón Simulado,pedro.limon263@demo-financiero.cl,F,67,casado,False,Abogado,1780791,masivo,True,27.0,bajo,True,9919729,1.55,1694559
264,99.264.000-K,MaríaPera Muestra,maria.pera264@demo-financiero.cl,M,34,soltero,True,Farmacéutico,637875,emergente,False,,medio,True,1911157,3.18,193617
265,99.265.000-K,JorgeUva Demo,jorge.uva265@demo-financiero.cl,F,35,soltero,True,Profesor,929629,masivo,True,72.0,medio,True,7648663,2.06,2931973
266,99.266.000-K,ClaudiaFresa Prueba,claudia.fresa266@demo-financiero.cl,F,27,casado,True,Profesor,5579464,premium,False,,medio,True,15962193,0.93,5002519
267,99.267.000-K,DiegoMelón Ficticio,diego.melon267@demo-financiero.cl,F,42,soltero,True,Arquitecto,5677909,premium,True,52.0,alto,True,24731490,1.4,3379124
268,99.268.000-K,ValentinaSandía Ejemplo,valentina.sandia268@demo-financiero.cl,M,38,casado,True,Psicólogo,1104695,masivo,True,78.0,medio,False,3570926,1.91,2869932
269,99.269.000-K,FelipePapaya Falso,felipe.papaya269@demo-financiero.cl,M,59,casado,False,Abogado,3461502,masivo,True,62.0,medio,True,6681805,2.01,1612094
270,99.270.000-K,SofíaCiruela Test,sofia.ciruela270@demo-financiero.cl,F,36,soltero,False,Técnico,636556,emergente,True,16.0,medio,True,466583,2.73,120543
271,99.271.000-K,CarlosDurazno Simulado,carlos.durazno271@demo-financiero.cl,F,59,soltero,False,Arquitecto,2451245,masivo,True,27.0,alto,True,6715718,1.58,2546272
272,99.272.000-K,AnaHigo Muestra,ana.higo272@demo-financiero.cl,F,41,viudo,False,Contador,516655,emergente,False,,bajo,True,1506067,2.89,156479
273,99.273.000-K,PedroGuayaba Demo,pedro.guayaba273@demo-financiero.cl,M,39,casado,True,Abogado,6241325,premium,True,83.0,medio,True,20856634,1.46,6094426
274,99.274.000-K,MaríaMaracuyá Prueba,maria.maracuya274@demo-financiero.cl,M,44,soltero,False,Psicólogo,1215621,masivo,True,63.0,alto,True,8450129,2.14,862661
275,99.275.000-K,JorgeLichi Ficticio,jorge.lichi275@demo-financiero.cl,M,39,soltero,False,Contador,330346,emergente,True,18.0,bajo,True,523227,3.13,320221
276,99.276.000-K,ClaudiaFrambuesa Ejemplo,claudia.frambuesa276@demo-financiero.cl,M,30,casado,False,Gerente,6624197,premium,True,140.0,medio,True,30850710,0.93,3613177
277,99.277.000-K,DiegoArándano Falso,diego.arandano277@demo-financiero.cl,M,40,soltero,False,Chef,1573564,masivo,False,,alto,False,3752483,1.72,2976799
278,99.278.000-K,ValentinaCoco Test,valentina.coco278@demo-financiero.cl,M,35,viudo,True,Periodista,5628335,premium,True,153.0,alto,False,19418973,1.0,4551145
279,99.279.000-K,FelipePiña Simulado,felipe.pina279@demo-financiero.cl,F,66,casado,True,Abogado,1100476,masivo,False,,medio,True,13997544,1.86,1041408
280,99.280.000-K,SofíaMenta Muestra,sofia.menta280@demo-financiero.cl,F,38,soltero,False,Periodista,461669,emergente,True,3.0,bajo,True,1408854,2.76,404781
281,99.281.000-K,CarlosMango Demo,carlos.mango281@demo-financiero.cl,M,43,soltero,True,Enfermero,2502129,masivo,True,10.0,bajo,True,3934252,2.14,1682389
282,99.282.000-K,AnaKiwi Prueba,ana.kiwi282@demo-financiero.cl,M,59,divorciado,True,Abogado,305438,emergente,True,8.0,medio,True,1606859,3.08,398589
283,99.283.000-K,PedroLimón Ficticio,pedro.limon283@demo-financiero.cl,M,60,soltero,False,Administrador,1880725,masivo,True,32.0,bajo,True,13098817,1.96,927004
284,99.284.000-K,MaríaPera Ejemplo,maria.pera284@demo-financiero.cl,F,26,soltero,False,Ingeniero,1186712,masivo,True,70.0,bajo,True,12579562,1.52,2124630
285,99.285.000-K,JorgeUva Falso,jorge.uva285@demo-financiero.cl,F,39,soltero,True,Enfermero,529798,emergente,False,,medio,True,1183568,2.22,137600
286,99.286.000-K,ClaudiaFresa Test,claudia.fresa286@demo-financiero.cl,F,62,soltero,True,Profesor,1248734,masivo,True,20.0,medio,True,4807929,1.76,2256435
287,99.287.000-K,DiegoMelón Simulado,diego.melon287@demo-financiero.cl,F,56,viudo,False,Electricista,582788,emergente,False,,bajo,False,1381582,3.5,281200
288,99.288.000-K,ValentinaSandía Muestra,valentina.sandia288@demo-financiero.cl,M,37,soltero,True,Administrador,7316393,premium,True,152.0,bajo,True,23845015,1.27,7733388
289,99.289.000-K,FelipePapaya Demo,felipe.papaya289@demo-financiero.cl,F,66,soltero,False,Periodista,5998336,premium,True,88.0,alto,True,22887735,1.06,4755044
290,99.290.000-K,SofíaCiruela Prueba,sofia.ciruela290@demo-financiero.cl,F,64,soltero,True,Gerente,1288988,masivo,False,,bajo,False,14540507,1.54,2426862
291,99.291.000-K,CarlosDurazno Ficticio,carlos.durazno291@demo-financiero.cl,M,53,soltero,True,Electricista,548783,emergente,True,2.0,bajo,False,1424116,3.18,162973
292,99.292.000-K,AnaHigo Ejemplo,ana.higo292@demo-financiero.cl,F,29,soltero,False,Abogado,4028320,premium,True,142.0,alto,True,37541465,1.46,5681118
293,99.293.000-K,PedroGuayaba Falso,pedro.guayaba293@demo-financiero.cl,M,65,casado,False,Gerente,331974,emergente,True,7.0,medio,True,322099,2.65,413125
294,99.294.000-K,MaríaMaracuyá Test,maria.maracuya294@demo-financiero.cl,F,41,soltero,False,Profesor,2132002,masivo,False,,bajo,True,11168797,2.07,2339284
295,99.295.000-K,JorgeLichi Simulado,jorge.lichi295@demo-financiero.cl,F,63,casado,True,Contador,1309880,masivo,False,,bajo,True,2613684,1.64,839063
296,99.296.000-K,ClaudiaFrambuesa Muestra,claudia.frambuesa296@demo-financiero.cl,F,49,soltero,True,Profesor,5212363,premium,True,42.0,alto,True,32582130,1.37,6837729
297,99.297.000-K,DiegoArándano Demo,diego.arandano297@demo-financiero.cl,F,60,divorciado,False,Periodista,1343845,masivo,False,,bajo,False,8545004,1.69,1826649
298,99.298.000-K,ValentinaCoco Prueba,valentina.coco298@demo-financiero.cl,M,45,soltero,False,Diseñador,6952405,premium,True,101.0,alto,True,35829138,1.23,3463118
300,99.300.000-K,SofíaMenta Ejemplo,sofia.menta300@demo-financiero.cl,F,59,casado,False,Psicólogo,1136940,masivo,True,18.0,medio,True,13970152,1.91,1393895
